cpu_cooler_id,product_id,fan_rpm,noise_level,color,radiator_size
280101,111693,600 - 2000 RPM,9 - 36 dB,,
280102,111694,2400 RPM,37 dB,Black / Silver,240 mm
280103,111695,650 - 2000 RPM,8 - 30 dB,Black,
280104,111696,650 - 2000 RPM,6 - 30 dB,,240 mm
280105,111697,500 - 1800 RPM,21 - 38 dB,,280 mm
280106,111698,2400 RPM,37 dB,Black,240 mm
280107,111699,1600 RPM,25 dB,,360 mm
280108,111700,1500 RPM,12.8 - 24.3 dB,Black,
280109,111701,700 - 3000 RPM,39 dB,,
280110,111702,650 - 2000 RPM,6.5 - 26 dB,Black,
280111,111703,2200 RPM,36 dB,White,240 mm
280112,111704,300 - 1500 RPM,19.2 - 24.6 dB,,
280113,111705,500 - 2000 RPM,21 - 36 dB,Black,360 mm
280114,111706,300 - 1500 RPM,19.2 - 24.6 dB,Black,
280115,111707,1700 RPM,28.3 dB,Black,120 mm
280116,111708,500 - 2000 RPM,21 - 36 dB,,240 mm
280117,111709,2500 - 2999 RPM,14.8 - 23.6 dB,,
280118,111710,2000 RPM,37 dB,Black / Silver,280 mm
280119,111711,450 - 2000 RPM,29.7 dB,Black,360 mm
280120,111712,300 - 1500 RPM,18.6 - 22.4 dB,Black,
280121,111713,1400 RPM,,Black,
280122,111714,600 - 2500 RPM,14.8 - 23.6 dB,Black,
280123,111715,500 - 2000 RPM,21 - 36 dB,Black,120 mm
280124,111716,1500 RPM,35 dB,,280 mm
280125,111717,650 - 2000 RPM,6 - 34 dB,Black,360 mm
280126,111718,600 - 2500 RPM,14.8 - 23.6 dB,Brown,
280127,111719,2000 RPM,13.1 - 25.4 dB,,
280128,111720,1700 RPM,37 dB,Black,240 mm
280129,111721,1200 RPM,20.4 dB,,280 mm
280130,111722,1200 - 2800 RPM,22 dB,Silver / Black,
280131,111723,300 - 1500 RPM,18.6 - 22.4 dB,,
280132,111724,900 - 1500 RPM,17.8 - 30 dB,Blue / Silver,
280133,111725,650 - 2000 RPM,6 - 30 dB,,240 mm
280134,111726,2000 RPM,40 dB,,280 mm
280135,111727,300 - 1500 RPM,19.2 - 24.6 dB,,
280136,111728,330 - 1600 RPM,1 - 25 dB,,
280137,111729,650 - 2000 RPM,6 - 30 dB,,120 mm
280138,111730,200 - 2100 RPM,,White / Black,
280139,111731,300 - 1200 RPM,4 - 24.9 dB,Silver / Black,
280140,111732,450 - 2000 RPM,18.8 - 22.6 dB,Brown,
280141,111733,2435 RPM,37.7 dB,,240 mm
280142,111734,500 - 1500 RPM,27 dB,Black / Silver,
280143,111735,1200 - 1500 RPM,12.8 - 24.3 dB,Black,
280144,111736,100 - 2000 RPM,,Black / White,
280145,111737,2000 RPM,30.85 dB,,120 mm
280146,111738,400 - 2000 RPM,16.3 - 22.8 dB,,
280147,111739,500 - 1800 RPM,32.1 dB,Black,360 mm
280148,111740,650 - 2000 RPM,6 - 30 dB,,120 mm
280149,111741,500 - 2000 RPM,32.2 dB,,360 mm
280150,111742,500 - 1800 RPM,21 - 38 dB,,280 mm
280151,111743,2800 RPM,17 - 35 dB,,
280152,111744,1200 - 1500 RPM,19.2 - 24.6 dB,,
280153,111745,200 - 1800 RPM,,Black,240 mm
280154,111746,2435 RPM,37.7 dB,,120 mm
280155,111747,500 - 1400 RPM,19.8 - 24.7 dB,,360 mm
280156,111748,600 - 2200 RPM,16 - 39.5 dB,,280 mm
280157,111749,800 - 2500 RPM,37.6 dB,Black,360 mm
280158,111750,600 - 2400 RPM,30 dB,Black / Multicolor,
280159,111751,1700 RPM,30.32 dB,,120 mm
280160,111752,900 - 1200 RPM,12.6 - 19.8 dB,,
280161,111753,900 - 1500 RPM,21.4 - 32.1 dB,,
280162,111754,300 - 1500 RPM,19.2 - 24.6 dB,,
280163,111755,450 - 1850 RPM,16.8 - 23.9 dB,,
280164,111756,500 - 2000 RPM,21 - 36 dB,,240 mm
280165,111757,1500 RPM,19.1 - 26.8 dB,,
280166,111758,500 - 1800 RPM,32.1 dB,Black,240 mm
280167,111759,2500 RPM,18 - 39.5 dB,Black,360 mm
280168,111760,600 - 1600 RPM,9 - 31 dB,,
280169,111761,300 - 1500 RPM,19.2 - 24.6 dB,,
280170,111762,500 - 2000 RPM,,,
280171,111763,1500 RPM,11 - 23.6 dB,Black,
280172,111764,500 - 2400 RPM,16 - 39.9 dB,Black,360 mm
280173,111765,2700 RPM,37.68 dB,,240 mm
280174,111766,650 - 1800 RPM,8 - 30 dB,Silver / Black,360 mm
280175,111767,200 - 2100 RPM,,Red / Black,
280176,111768,650 - 2000 RPM,6 - 30 dB,,240 mm
280177,111769,400 - 2000 RPM,16.3 - 22.8 dB,,
280178,111770,,0 - 38 dB,Black,
280179,111771,300 - 1200 RPM,2.7 - 24.9 dB,Black / Silver,
280180,111772,500 - 1500 RPM,25.8 dB,Black,360 mm
280181,111773,650 - 1800 RPM,6 - 31 dB,Black,
280182,111774,500 - 1500 RPM,17.8 - 29.5 dB,,
280183,111775,650 - 2000 RPM,6 - 30 dB,,120 mm
280184,111776,600 - 2500 RPM,14.8 - 23.6 dB,,
280185,111777,300 - 1500 RPM,18.6 - 22.4 dB,,
280186,111778,1100 RPM,29.4 dB,Black / Blue,420 mm
280187,111779,600 - 2400 RPM,19 - 40 dB,,240 mm
280188,111780,900 - 2500 RPM,,,
280189,111781,800 - 2500 RPM,37.6 dB,Black,240 mm
280190,111782,500 - 1800 RPM,17.6 - 31.3 dB,White / Black,240 mm
280191,111783,450 - 2000 RPM,29.7 dB,Black,240 mm
280192,111784,900 - 1500 RPM,17.8 - 30 dB,White,
280193,111785,400 - 2000 RPM,16.3 - 22.8 dB,,
280194,111786,650 - 2000 RPM,6 - 30 dB,Black,240 mm
280195,111787,650 - 1800 RPM,,Black,
280196,111788,500 - 2000 RPM,32.2 dB,,240 mm
280197,111789,600 - 2500 RPM,30 dB,,
280198,111790,650 - 2000 RPM,6 - 30 dB,,240 mm
280199,111791,400 - 1500 RPM,22.1 - 28.8 dB,,
280200,111792,900 - 1500 RPM,17.8 - 30 dB,,
280201,111793,500 - 2300 RPM,14 - 28 dB,White,360 mm
280202,111794,1900 RPM,31 dB,Black,120 mm
280203,111795,800 - 2500 RPM,37 dB,Black,240 mm
280204,111796,1500 RPM,14.8 - 25.5 dB,,
280205,111797,1000 - 2500 RPM,19 - 26 dB,,
280206,111798,1400 RPM,11.9 - 26.7 dB,,
280207,111799,900 - 1600 RPM,17.8 - 21 dB,,
280208,111800,650 - 2000 RPM,,Yellow / Black,
280209,111801,500 - 2400 RPM,16 - 39.9 dB,,240 mm
280210,111802,600 - 2600 RPM,16 - 24.5 dB,,
280211,111803,300 - 800 RPM,4 - 14.5 dB,Black,
280212,111804,600 - 2200 RPM,26.4 dB,Black / Silver,
280213,111805,500 - 1600 RPM,14 - 24 dB,White,
280214,111806,500 - 1800 RPM,17.2 - 33.6 dB,,
280215,111807,500 - 2300 RPM,14 - 28 dB,Black,360 mm
280216,111808,650 - 2000 RPM,8 - 30 dB,Black,
280217,111809,800 - 2000 RPM,23.6 dB,Blue / Black,
280218,111810,2500 RPM,18 - 39.5 dB,Black,240 mm
280219,111811,2400 RPM,37 dB,Black / White,360 mm
280220,111812,800 - 2200 RPM,,,
280221,111813,500 - 1800 RPM,30 dB,Black / White,240 mm
280222,111814,,0 dB,Black,
280223,111815,500 - 1800 RPM,21 - 38 dB,,140 mm
280224,111816,650 - 2000 RPM,6 - 30 dB,,120 mm
280225,111817,,22.5 dB,,
280226,111818,200 - 1700 RPM,,Black,280 mm
280227,111819,500 - 1500 RPM,25.8 dB,Black,240 mm
280228,111820,500 - 1800 RPM,17.8 - 30 dB,Black,240 mm
280229,111821,300 - 1500 RPM,18.6 - 22.4 dB,,
280230,111822,2100 RPM,43 dB,,280 mm
280231,111823,1800 RPM,21.3 dB,,
280232,111824,600 - 2500 RPM,14.8 - 23.6 dB,,
280233,111825,500 - 1800 RPM,17.6 - 31.3 dB,,360 mm
280234,111826,500 - 2000 RPM,14 - 28 dB,Black,240 mm
280235,111827,800 - 2000 RPM,,Black,360 mm
280236,111828,300 - 1600 RPM,13.1 - 17.6 dB,,
280237,111829,1600 RPM,16.1 - 37.3 dB,,280 mm
280238,111830,300 - 1800 RPM,2.7 - 30.4 dB,Black / Silver,
280239,111831,500 - 1800 RPM,32.1 dB,White / Black,360 mm
280240,111832,300 - 1500 RPM,19.2 - 24.6 dB,,
280241,111833,200 - 2100 RPM,28 dB,Red / Black,
280242,111834,600 - 2000 RPM,9 - 36 dB,,
280243,111835,600 - 2200 RPM,26.4 dB,,
280244,111836,650 - 2000 RPM,6 - 30 dB,Black,360 mm
280245,111837,500 - 2000 RPM,17 - 32.6 dB,Black,240 mm
280246,111838,1000 - 1600 RPM,7.9 - 17.6 dB,,
280247,111839,600 - 2000 RPM,29.4 dB,Black,
280248,111840,1800 RPM,15.1 - 31.6 dB,,
280249,111841,1600 - 2000 RPM,26 - 31.5 dB,,
280250,111842,200 - 1800 RPM,,Black,120 mm
280251,111843,500 - 1800 RPM,17.8 dB,Black,240 mm
280252,111844,400 - 1400 RPM,34.2 dB,Black / Silver,
280253,111845,1800 RPM,26.92 dB,Black,
280254,111846,800 - 2500 RPM,37 dB,Black,120 mm
280255,111847,800 - 2800 RPM,14 - 37.6 dB,Black,
280256,111848,200 - 1800 RPM,24.4 dB,,
280257,111849,200 - 1800 RPM,23.5 dB,Black,
280258,111850,650 - 2000 RPM,6 - 30 dB,,
280259,111851,2000 RPM,27 dB,Black,240 mm
280260,111852,500 - 2000 RPM,32.2 dB,Black,360 mm
280261,111853,900 - 1600 RPM,17.8 - 26.1 dB,,
280262,111854,500 - 1800 RPM,17.6 - 31.3 dB,,240 mm
280263,111855,500 - 1800 RPM,30 dB,Black,360 mm
280264,111856,800 - 1500 RPM,26.4 dB,,240 mm
280265,111857,600 - 1800 RPM,25 - 32 dB,Black,240 mm
280266,111858,800 - 2000 RPM,20 - 37 dB,,280 mm
280267,111859,100 - 2000 RPM,,Black / White,
280268,111860,330 - 1600 RPM,10 - 25 dB,,
280269,111861,650 - 2200 RPM,6 - 30 dB,,280 mm
280270,111862,500 - 2000 RPM,32.2 dB,Black,240 mm
280271,111863,500 - 2000 RPM,14 - 28 dB,Black,360 mm
280272,111864,500 - 1500 RPM,25.8 dB,Black,120 mm
280273,111865,1400 - 1700 RPM,13.2 - 26.1 dB,,
280274,111866,600 - 2000 RPM,,,
280275,111867,600 - 1800 RPM,25 - 32 dB,Black,120 mm
280276,111868,800 - 1500 RPM,26.4 dB,,360 mm
280277,111869,600 - 2500 RPM,30 dB,Black / Silver,
280278,111870,2000 RPM,16.1 - 36.9 dB,,120 mm
280279,111871,800 - 2500 RPM,37.6 dB,Black,120 mm
280280,111872,1200 - 1500 RPM,,Black,240 mm
280281,111873,2700 RPM,37.68 dB,,120 mm
280282,111874,500 - 1400 RPM,19.8 - 24.7 dB,,240 mm
280283,111875,2000 RPM,16.1 - 36.9 dB,,240 mm
280284,111876,100 - 2700 RPM,,Black / Gray,
280285,111877,2500 RPM,23.8 dB,,
280286,111878,600 - 2000 RPM,29.4 dB,Black / Silver,
280287,111879,600 - 2200 RPM,26.4 dB,,
280288,111880,1800 RPM,35 dB,Black,
280289,111881,500 - 1800 RPM,30 dB,Black,240 mm
280290,111882,,0 dB,Silver,
280291,111883,600 - 1800 RPM,34.1 dB,Black,120 mm
280292,111884,100 - 2000 RPM,,Black / White,
280293,111885,1000 - 3850 RPM,,,
280294,111886,600 - 2500 RPM,30 dB,White / Orange,
280295,111887,1900 - 2300 RPM,22 dB,,
280296,111888,200 - 1800 RPM,24.4 dB,Black / Red,
280297,111889,400 - 1800 RPM,28 dB,Black,
280298,111890,900 - 1500 RPM,17.8 - 30 dB,Red / Silver,
280299,111891,550 - 1700 RPM,29 dB,,360 mm
280300,111892,500 - 1800 RPM,17.8 - 41.5 dB,Silver / Black,
280301,111893,300 - 1500 RPM,18.6 - 22.4 dB,,
280302,111894,200 - 1800 RPM,24.4 dB,Black / Yellow,
280303,111895,2000 RPM,16.1 - 36.9 dB,,360 mm
280304,111896,300 - 1600 RPM,9 - 31 dB,,
280305,111897,2200 RPM,17.8 - 30.1 dB,,
280306,111898,1800 RPM,28 dB,Silver / Black,
280307,111899,1000 - 2000 RPM,20 dB,,360 mm
280308,111900,500 - 1400 RPM,19.8 - 27.2 dB,,280 mm
280309,111901,1600 RPM,15.3 - 25.4 dB,,
280310,111902,800 - 1500 RPM,24.4 dB,,
280311,111903,1600 RPM,36 dB,,
280312,111904,600 - 1800 RPM,34.1 dB,Black,240 mm
280313,111905,1200 - 2500 RPM,26 dB,Blue / Black,
280314,111906,600 - 2200 RPM,7.4 - 35.6 dB,Black,240 mm
280315,111907,100 - 2000 RPM,,Black / White,
280316,111908,500 - 2300 RPM,14 - 28 dB,Black,360 mm
280317,111909,500 - 2400 RPM,16 - 39.9 dB,,120 mm
280318,111910,200 - 2100 RPM,,Green / Black,
280319,111911,2435 RPM,37.7 dB,,240 mm
280320,111912,650 - 1800 RPM,31.5 dB,Black,240 mm
280321,111913,500 - 1800 RPM,21 - 38 dB,,140 mm
280322,111914,100 - 2700 RPM,,Black,
280323,111915,2300 RPM,22.3 - 44.5 dB,Black,280 mm
280324,111916,,,,240 mm
280325,111917,900 - 1300 RPM,12.6 - 19.8 dB,,
280326,111918,300 - 800 RPM,4 - 14.5 dB,Silver / Black,
280327,111919,700 - 1300 RPM,19 - 23 dB,,
280328,111920,800 - 2000 RPM,24.5 dB,Black / Silver,
280329,111921,2000 RPM,31.4 dB,,120 mm
280330,111922,500 - 2000 RPM,6 - 30 dB,,240 mm
280331,111923,,,,
280332,111924,600 - 1800 RPM,6 - 31 dB,Black / Yellow,
280333,111925,800 - 1800 RPM,27.8 dB,Black,120 mm
280334,111926,400 - 1400 RPM,11.5 - 23.7 dB,,
280335,111927,800 - 2500 RPM,37.6 dB,Black,360 mm
280336,111928,500 - 1800 RPM,17.6 - 31.3 dB,,240 mm
280337,111929,500 - 1800 RPM,32.1 dB,White / Black,360 mm
280338,111930,500 - 1800 RPM,19.8 - 35.4 dB,Black,280 mm
280339,111931,500 - 1800 RPM,17.6 - 31.3 dB,,120 mm
280340,111932,600 - 2200 RPM,13 - 37 dB,,240 mm
280341,111933,700 - 1300 RPM,23 dB,,
280342,111934,500 - 1800 RPM,17.2 - 33.6 dB,Black / Red,
280343,111935,900 - 2200 RPM,10 - 22.5 dB,,
280344,111936,2000 RPM,9 - 36 dB,,
280345,111937,1300 - 2500 RPM,22 - 39 dB,,240 mm
280346,111938,1700 RPM,30.32 dB,,120 mm
280347,111939,500 - 1700 RPM,12 - 31 dB,Black / Orange,
280348,111940,,0 dB,Black,
280349,111941,400 - 1600 RPM,8 - 20.2 dB,,
280350,111942,1800 RPM,32.1 dB,,120 mm
280351,111943,600 - 2200 RPM,7.4 - 35.6 dB,Black,360 mm
280352,111944,500 - 2000 RPM,17 - 32.6 dB,Black,120 mm
280353,111945,2435 RPM,37.7 dB,,120 mm
280354,111946,500 - 1600 RPM,14 - 24 dB,Black,
280355,111947,500 - 1800 RPM,32.1 dB,White / Black,240 mm
280356,111948,1300 - 2500 RPM,22 - 39 dB,,120 mm
280357,111949,300 - 1300 RPM,15 - 21 dB,,
280358,111950,400 - 2000 RPM,16.3 - 22.8 dB,,
280359,111951,800 - 2800 RPM,17 - 35 dB,,
280360,111952,1200 - 1600 RPM,13.1 - 22.4 dB,,
280361,111953,600 - 1800 RPM,31 dB,Black / Silver,
280362,111954,2900 RPM,29.58 dB,,
280363,111955,2500 RPM,27 dB,,
280364,111956,2400 RPM,36 dB,Black / Silver,
280365,111957,300 - 1300 RPM,14 - 20 dB,,
280366,111958,500 - 1800 RPM,14 - 30 dB,,240 mm
280367,111959,800 - 2200 RPM,16 - 23 dB,,
280368,111960,2600 RPM,24.5 dB,,
280369,111961,2000 RPM,40 dB,,280 mm
280370,111962,1200 - 1500 RPM,,Black,120 mm
280371,111963,750 RPM,20.5 dB,,
280372,111964,2400 RPM,19 - 40 dB,,120 mm
280373,111965,700 - 1300 RPM,20 - 24 dB,,
280374,111966,,0 dB,,
280375,111967,800 - 1500 RPM,27 dB,White,
280376,111968,600 - 2200 RPM,7.4 - 35.6 dB,Black,120 mm
280377,111969,700 - 1200 RPM,13.4 - 19 dB,,
280378,111970,1200 - 2000 RPM,27.36 dB,,120 mm
280379,111971,500 - 1800 RPM,17.6 - 31.3 dB,,240 mm
280380,111972,900 - 2000 RPM,,,
280381,111973,600 - 2000 RPM,13 - 32 dB,,
280382,111974,200 - 1800 RPM,,Black / Silver,
280383,111975,600 - 2000 RPM,14 dB,,
280384,111976,500 - 1500 RPM,17.8 - 27 dB,Black / Silver,
280385,111977,500 - 1600 RPM,,,
280386,111978,400 - 1050 RPM,22 dB,Black,
280387,111979,1200 - 2000 RPM,27.36 dB,,240 mm
280388,111980,500 - 1500 RPM,27 dB,Black / Silver,
280389,111981,1400 RPM,11.9 - 24.4 dB,Silver / Black,
280390,111982,600 - 1800 RPM,6 - 31 dB,Black / Yellow,
280391,111983,600 - 2000 RPM,18 - 31 dB,Black,
280392,111984,200 - 1400 RPM,28.43 dB,Black,
280393,111985,600 - 1800 RPM,37.1 dB,Black,360 mm
280394,111986,500 - 2000 RPM,14 - 32 dB,Black,120 mm
280395,111987,400 - 1400 RPM,8.4 - 21.1 dB,,
280396,111988,600 - 1600 RPM,13.8 - 30.2 dB,,
280397,111989,600 - 2000 RPM,29.4 dB,Black / Red,
280398,111990,550 - 1700 RPM,29 dB,,240 mm
280399,111991,2400 RPM,8 - 24 dB,,
280400,111992,200 - 2100 RPM,,White / Black,
280401,111993,700 - 1300 RPM,20 - 25 dB,,
280402,111994,500 - 1800 RPM,30 dB,Black,240 mm
280403,111995,500 - 1500 RPM,14 - 25 dB,Black,280 mm
280404,111996,500 - 1500 RPM,14 - 25 dB,Black,280 mm
280405,111997,600 - 2500 RPM,21 - 45 dB,Silver / Red,
280406,111998,,30.2 dB,,120 mm
280407,111999,800 - 2000 RPM,,Black / Silver,
280408,112000,1300 RPM,26.6 dB,,
280409,112001,500 - 1800 RPM,17.8 dB,Black,120 mm
280410,112002,1300 RPM,8.7 - 21.2 dB,,
280411,112003,200 - 1800 RPM,,Black / Silver,
280412,112004,500 - 1350 RPM,22.5 dB,,360 mm
280413,112005,800 - 2800 RPM,13.6 - 34.8 dB,Black / Silver,
280414,112006,500 - 1800 RPM,32.1 dB,Black,240 mm
280415,112007,200 - 1800 RPM,24.4 dB,Black / White,
280416,112008,600 - 1800 RPM,31 dB,Black / Silver,
280417,112009,2800 RPM,42.5 dB,,
280418,112010,600 - 2400 RPM,19 - 40 dB,,
280419,112011,1750 RPM,20 dB,,
280420,112012,1200 - 2500 RPM,26 dB,Green / Black,
280421,112013,800 - 3000 RPM,33 dB,Black / Silver,
280422,112014,1900 - 2300 RPM,22 dB,,
280423,112015,800 - 2200 RPM,17 - 30 dB,,
280424,112016,300 - 1400 RPM,13 - 18 dB,,
280425,112017,2500 RPM,20 - 28.3 dB,,
280426,112018,650 - 2000 RPM,6 - 30 dB,,140 mm
280427,112019,600 - 1800 RPM,37.1 dB,Black,240 mm
280428,112020,600 - 1800 RPM,8 - 24 dB,,
280429,112021,600 - 1600 RPM,9 - 31 dB,,
280430,112022,800 - 1500 RPM,16 - 22 dB,Black,360 mm
280431,112023,4500 RPM,35 dB,,
280432,112024,800 - 2200 RPM,15 - 38 dB,,
280433,112025,200 - 1800 RPM,24.4 dB,,
280434,112026,550 - 1700 RPM,29 dB,Black,360 mm
280435,112027,900 - 2400 RPM,17.8 - 32.5 dB,Black / Silver,
280436,112028,500 - 2300 RPM,14 - 35 dB,,120 mm
280437,112029,300 - 1400 RPM,13 - 28 dB,,
280438,112030,800 - 2200 RPM,21 - 35 dB,,120 mm
280439,112031,800 - 2700 RPM,37.7 dB,,240 mm
280440,112032,500 - 2000 RPM,9.32 - 33.67 dB,,
280441,112033,,,,120 mm
280442,112034,300 - 1400 RPM,4 - 28 dB,,
280443,112035,1000 - 2000 RPM,21.8 - 33 dB,Black,360 mm
280444,112036,1500 - 2500 RPM,13 - 25 dB,,
280445,112037,2400 RPM,6.5 - 27 dB,,240 mm
280446,112038,1000 - 1500 RPM,19 - 25 dB,,
280447,112039,600 - 2000 RPM,24.4 dB,,
280448,112040,500 - 1300 RPM,13 - 30.7 dB,,
280449,112041,2500 RPM,,,
280450,112042,750 - 1200 RPM,10.1 - 19.6 dB,,
280451,112043,600 - 1800 RPM,21.9 - 27.6 dB,,
280452,112044,900 - 1300 RPM,17 - 21 dB,,
280453,112045,500 - 1600 RPM,8 - 30 dB,,
280454,112046,900 - 1800 RPM,30 dB,Black / White,360 mm
280455,112047,650 - 2000 RPM,6 - 30 dB,Black,240 mm
280456,112048,900 - 2400 RPM,17.8 - 32.5 dB,,
280457,112049,1000 - 1800 RPM,26.3 dB,Black / Silver,
280458,112050,550 - 1700 RPM,29 dB,Black,240 mm
280459,112051,650 - 2000 RPM,15 dB,,120 mm
280460,112052,,25 dB,Black / White,
280461,112053,500 - 2000 RPM,16 - 35 dB,,240 mm
280462,112054,1400 RPM,12 - 19.2 dB,,
280463,112055,1000 - 2000 RPM,20 dB,,240 mm
280464,112056,700 - 1800 RPM,18 - 35.2 dB,White,240 mm
280465,112057,600 - 1800 RPM,10.5 - 31.8 dB,Black,240 mm
280466,112058,900 - 2400 RPM,17.8 - 26.4 dB,,
280467,112059,800 - 2000 RPM,18 - 34 dB,,120 mm
280468,112060,200 - 2100 RPM,,Yellow / Black,
280469,112061,700 - 1800 RPM,18 - 35.2 dB,,240 mm
280470,112062,600 - 2000 RPM,,,
280471,112063,300 - 1600 RPM,25 dB,Black / Silver,
280472,112064,800 - 2000 RPM,20 - 37 dB,,140 mm
280473,112065,600 - 1500 RPM,19 - 23 dB,Silver / Black,
280474,112066,1000 - 2200 RPM,28.87 dB,,
280475,112067,500 - 2300 RPM,14 - 28 dB,Black,240 mm
280476,112068,200 - 1800 RPM,24.4 dB,,
280477,112069,500 - 1800 RPM,17.6 - 31.3 dB,,120 mm
280478,112070,700 - 1300 RPM,24 dB,,
280479,112071,650 - 2000 RPM,22.95 dB,Black,
280480,112072,300 - 1400 RPM,17.8 - 27.3 dB,,
280481,112073,600 - 1800 RPM,17.8 - 34.1 dB,,120 mm
280482,112074,2100 RPM,43 dB,,280 mm
280483,112075,600 - 2200 RPM,13 - 37 dB,,240 mm
280484,112076,1200 - 2500 RPM,26 dB,Red / Black,
280485,112077,900 - 1300 RPM,12.6 - 19.8 dB,,
280486,112078,300 - 1600 RPM,25 dB,Black / Silver,
280487,112079,1000 - 1800 RPM,26.3 dB,Black / Silver,
280488,112080,300 - 1400 RPM,12 - 19 dB,,
280489,112081,650 - 2000 RPM,8 - 30 dB,Black,
280490,112082,1000 - 3000 RPM,,,
280491,112083,1500 RPM,6.6 - 18.8 dB,,
280492,112084,1700 RPM,30.32 dB,,120 mm
280493,112085,800 - 2800 RPM,18 - 33 dB,,
280494,112086,,,,
280495,112087,1200 - 2500 RPM,26 dB,Black,
280496,112088,500 - 2000 RPM,,,
280497,112089,600 - 2400 RPM,16 - 38 dB,,240 mm
280498,112090,600 - 1600 RPM,32 dB,,
280499,112091,,,,
280500,112092,200 - 1800 RPM,24.4 dB,,
280501,112093,800 - 2300 RPM,,Black,120 mm
280502,112094,300 - 1200 RPM,4 - 24.9 dB,,
280503,112095,2200 RPM,30 dB,,
280504,112096,300 - 1800 RPM,4.5 - 26.7 dB,Black / Silver,
280505,112097,800 - 1400 RPM,20 dB,,
280506,112098,300 - 1400 RPM,13 - 18 dB,,
280507,112099,500 - 1800 RPM,17.6 - 31.3 dB,,360 mm
280508,112100,800 - 1800 RPM,18.9 - 25 dB,,
280509,112101,1200 - 2400 RPM,20 - 26.9 dB,,
280510,112102,300 - 1200 RPM,4 - 24.9 dB,Brown / Black,
280511,112103,2400 RPM,8 - 24 dB,,
280512,112104,1500 RPM,26.8 dB,Black,240 mm
280513,112105,500 - 1800 RPM,30 dB,Black,240 mm
280514,112106,900 - 2500 RPM,,Orange,
280515,112107,800 - 2300 RPM,,Black,240 mm
280516,112108,300 - 1200 RPM,4 - 24.9 dB,Black / Yellow,
280517,112109,1600 - 2000 RPM,26 - 31.5 dB,,120 mm
280518,112110,800 - 2400 RPM,6.5 - 27 dB,,120 mm
280519,112111,1500 RPM,35 dB,,140 mm
280520,112112,500 - 2300 RPM,14 - 28 dB,Black,240 mm
280521,112113,1000 - 2000 RPM,20 - 39.9 dB,,
280522,112114,,0 dB,,
280523,112115,800 - 1800 RPM,20 - 35 dB,,
280524,112116,300 - 1300 RPM,21 - 33 dB,Black / White,
280525,112117,600 - 2200 RPM,17.6 - 39.29 dB,,360 mm
280526,112118,500 - 1500 RPM,4.6 - 27.3 dB,,
280527,112119,800 - 1800 RPM,17 - 21 dB,,
280528,112120,600 - 2400 RPM,19 - 40 dB,,120 mm
280529,112121,500 - 1800 RPM,25 dB,,
280530,112122,400 - 1400 RPM,5.3 - 28 dB,,
280531,112123,300 - 1200 RPM,4 - 24.9 dB,,
280532,112124,800 - 1800 RPM,18.9 - 25 dB,,
280533,112125,1000 - 1600 RPM,7.9 - 17.6 dB,,
280534,112126,900 - 1200 RPM,13.4 - 19 dB,,
280535,112127,800 - 1800 RPM,16 - 26 dB,,
280536,112128,900 - 1600 RPM,17.8 - 26.1 dB,,
280537,112129,500 - 1350 RPM,,,240 mm
280538,112130,1600 RPM,26.4 dB,,
280539,112131,200 - 1800 RPM,24.4 dB,,
280540,112132,800 - 2500 RPM,37.6 dB,Black,240 mm
280541,112133,,0 dB,Orange,
280542,112134,800 - 1300 RPM,11 - 20 dB,,
280543,112135,700 - 1500 RPM,18 - 26.4 dB,White,240 mm
280544,112136,500 - 2000 RPM,9.32 - 33.67 dB,,
280545,112137,650 - 3000 RPM,6 - 30 dB,,
280546,112138,600 - 2500 RPM,30 dB,White,
280547,112139,500 - 2300 RPM,14 - 35 dB,,240 mm
280548,112140,1100 RPM,25 dB,Black,240 mm
280549,112141,800 RPM,15 dB,,
280550,112142,900 - 1700 RPM,18 - 30 dB,,
280551,112143,1000 - 2000 RPM,28 dB,,
280552,112144,1000 - 2000 RPM,20 dB,,120 mm
280553,112145,500 - 1800 RPM,17.6 - 31.3 dB,,120 mm
280554,112146,800 - 2000 RPM,21 - 37 dB,,280 mm
280555,112147,200 - 2100 RPM,,Yellow / Black,
280556,112148,500 - 2000 RPM,,,
280557,112149,200 - 1800 RPM,24.4 dB,,
280558,112150,900 - 1800 RPM,11 - 21 dB,,
280559,112151,1000 - 2200 RPM,28.87 dB,,
280560,112152,1000 - 2200 RPM,,Silver / Black,
280561,112153,2500 RPM,20 - 28.3 dB,,
280562,112154,1000 - 2000 RPM,20 dB,,240 mm
280563,112155,300 - 1300 RPM,15 - 21 dB,,
280564,112156,600 - 1600 RPM,32 dB,Black / Silver,
280565,112157,1600 RPM,36 dB,,
280566,112158,1000 - 1700 RPM,17 - 28 dB,,
280567,112159,500 - 1600 RPM,21 dB,Black / Silver,
280568,112160,550 - 1700 RPM,29 dB,Black,120 mm
280569,112161,900 - 1800 RPM,36 dB,Black / White,240 mm
280570,112162,300 - 1300 RPM,15 - 21 dB,,
280571,112163,500 - 2000 RPM,23.9 dB,Black / Silver,
280572,112164,200 - 1800 RPM,24.4 dB,,
280573,112165,500 - 2000 RPM,6 - 30 dB,,120 mm
280574,112166,2400 RPM,6.5 - 27 dB,,120 mm
280575,112167,900 - 1300 RPM,16.1 - 22.5 dB,,
280576,112168,,22.5 dB,,
280577,112169,300 - 2300 RPM,7.3 - 28.83 dB,Black / Silver,
280578,112170,500 - 2000 RPM,16 - 35 dB,,120 mm
280579,112171,750 - 1600 RPM,12 - 26.7 dB,,
280580,112172,1200 - 3000 RPM,19.3 - 44.5 dB,Black / Silver,
280581,112173,1200 - 3400 RPM,18 - 26 dB,,
280582,112174,600 - 3000 RPM,15 - 30 dB,,
280583,112175,1300 - 2650 RPM,18 - 27.5 dB,,
280584,112176,,0 dB,,
280585,112177,600 - 1800 RPM,21.9 - 27.6 dB,,
280586,112178,2000 RPM,22 dB,,
280587,112179,800 - 2500 RPM,37.6 dB,Black,120 mm
280588,112180,800 - 2800 RPM,33.4 dB,,
280589,112181,2000 RPM,8 - 24 dB,,
280590,112182,500 - 2300 RPM,14 - 28 dB,,360 mm
280591,112183,900 - 2000 RPM,16.3 - 33.5 dB,Black,240 mm
280592,112184,4200 RPM,31.8 dB,,
280593,112185,900 - 2000 RPM,16.3 - 33.5 dB,Black,240 mm
280594,112186,650 - 2000 RPM,6 - 30 dB,,
280595,112187,2400 RPM,30 dB,,
280596,112188,900 - 2000 RPM,16.3 - 33.5 dB,White / Pink,240 mm
280597,112189,700 - 1500 RPM,18 - 26.4 dB,White,120 mm
280598,112190,800 - 1500 RPM,25 dB,Black,240 mm
280599,112191,600 - 3000 RPM,13.5 - 26.5 dB,,
280600,112192,2200 RPM,22 dB,,
280601,112193,2000 RPM,,,120 mm
280602,112194,800 - 1900 RPM,20.3 - 34.5 dB,,
280603,112195,1400 - 2800 RPM,20 - 32 dB,,
280604,112196,400 - 1400 RPM,5.3 - 28 dB,,
280605,112197,800 - 1700 RPM,26.9 dB,,240 mm
280606,112198,550 - 2500 RPM,18.5 - 32 dB,,
280607,112199,500 - 1800 RPM,17.8 - 30 dB,Black,240 mm
280608,112200,800 - 2200 RPM,27.9 dB,,
280609,112201,800 - 2400 RPM,12 - 35 dB,,240 mm
280610,112202,,0 dB,,
280611,112203,2200 RPM,27 dB,,
280612,112204,900 - 1800 RPM,36 dB,Black / White,120 mm
280613,112205,500 - 1350 RPM,,,120 mm
280614,112206,2200 RPM,24.7 dB,,
280615,112207,2200 RPM,,,120 mm
280616,112208,1500 - 2600 RPM,17.39 - 22.7 dB,,
280617,112209,,0 dB,,
280618,112210,800 - 2000 RPM,21 - 37 dB,,140 mm
280619,112211,900 - 1600 RPM,17.8 - 21 dB,,
280620,112212,800 - 2000 RPM,18 - 38 dB,,
280621,112213,900 - 2000 RPM,17 - 24 dB,,
280622,112214,1600 - 2000 RPM,26 - 31.5 dB,,
280623,112215,1100 RPM,29.4 dB,Black / Blue,280 mm
280624,112216,900 - 1800 RPM,18.2 - 32.4 dB,,
280625,112217,700 - 1800 RPM,18 - 35.2 dB,Black / White,120 mm
280626,112218,1700 - 3100 RPM,18 - 33.4 dB,,
280627,112219,200 - 2100 RPM,,Green / Black,
280628,112220,2200 RPM,8 - 24 dB,,
280629,112221,300 - 1300 RPM,15 - 21 dB,Orange / Silver,
280630,112222,800 - 2200 RPM,16.5 - 27.4 dB,Black / White,240 mm
280631,112223,1200 - 3500 RPM,21.56 - 62.88 dB,,
280632,112224,1000 - 6000 RPM,21.5 - 55.8 dB,,
280633,112225,700 - 1800 RPM,8.3 - 28.8 dB,,280 mm
280634,112226,800 - 1800 RPM,,Black,280 mm
280635,112227,1600 RPM,8 - 24 dB,,
280636,112228,1000 - 2650 RPM,17 - 33 dB,,
280637,112229,800 - 2000 RPM,6 - 28 dB,Black / Silver,
280638,112230,2000 RPM,21 - 39 dB,,280 mm
280639,112231,1000 - 2000 RPM,20 dB,,120 mm
280640,112232,,,,
280641,112233,800 - 2800 RPM,17 - 35 dB,,
280642,112234,600 - 2800 RPM,12 - 28 dB,,
280643,112235,700 - 1800 RPM,18 - 35.2 dB,Black,240 mm
280644,112236,800 - 1800 RPM,16 - 26 dB,,
280645,112237,1000 - 2200 RPM,30.1 dB,,
280646,112238,600 - 2400 RPM,,,120 mm
280647,112239,300 - 2500 RPM,7.2 - 31.07 dB,,
280648,112240,1000 - 3000 RPM,33 dB,,
280649,112241,3200 RPM,25.17 dB,,
280650,112242,,0 dB,,
280651,112243,2600 RPM,28 dB,,
280652,112244,650 - 2200 RPM,10.5 - 31.67 dB,,
280653,112245,300 - 1400 RPM,12 - 19 dB,,
280654,112246,800 - 1800 RPM,29 dB,Black / Red,
280655,112247,1200 - 2600 RPM,15 - 27.2 dB,,
280656,112248,1200 - 2000 RPM,10 - 27.36 dB,,120 mm
280657,112249,1350 - 2600 RPM,18 - 27.5 dB,,
280658,112250,300 - 1400 RPM,13 - 28 dB,,
280659,112251,600 - 2000 RPM,,,
280660,112252,800 - 1800 RPM,29 dB,Black / Blue,
280661,112253,120 - 1350 RPM,22.5 dB,,
280662,112254,600 - 2200 RPM,15 - 38 dB,Black / White,
280663,112255,900 - 1800 RPM,36 dB,Black / White,360 mm
280664,112256,1500 - 7000 RPM,16 - 47.5 dB,,
280665,112257,,,,
280666,112258,700 - 1800 RPM,18 - 35.2 dB,Black / White,240 mm
280667,112259,300 - 1400 RPM,12.6 - 31.1 dB,,
280668,112260,750 - 1200 RPM,10.1 - 19.6 dB,,
280669,112261,200 - 1800 RPM,23.5 dB,Black,
280670,112262,600 - 1800 RPM,18.2 - 32.4 dB,,
280671,112263,900 - 1300 RPM,17 - 21 dB,,
280672,112264,,22.5 dB,,
280673,112265,500 - 1500 RPM,8 - 24.8 dB,,
280674,112266,600 - 1800 RPM,18.2 - 32.4 dB,,120 mm
280675,112267,600 - 1300 RPM,25.4 dB,,
280676,112268,600 - 1850 RPM,13 - 38 dB,,280 mm
280677,112269,600 - 1600 RPM,32 dB,,
280678,112270,600 - 1800 RPM,19 - 25 dB,Silver / Red,
280679,112271,1500 - 3400 RPM,18 - 26 dB,,
280680,112272,800 - 1800 RPM,10 - 21 dB,,
280681,112273,150 - 1500 RPM,28.6 dB,,
280682,112274,2000 RPM,22.5 dB,,
280683,112275,850 - 2200 RPM,14 - 29.8 dB,,
280684,112276,1100 RPM,19 dB,,
280685,112277,500 - 1600 RPM,31 dB,Black / Silver,
280686,112278,1000 - 5500 RPM,56 dB,,
280687,112279,1450 - 2000 RPM,,,120 mm
280688,112280,600 - 1800 RPM,17.8 - 34.1 dB,,240 mm
280689,112281,750 - 1600 RPM,12 - 25.4 dB,,
280690,112282,,,,
280691,112283,,0 dB,,
280692,112284,1000 - 1500 RPM,24.53 dB,,
280693,112285,300 - 1400 RPM,8 - 26.8 dB,,
280694,112286,1000 - 2500 RPM,14.7 - 29.8 dB,,
280695,112287,400 - 1800 RPM,14 - 33 dB,Black,
280696,112288,700 - 1800 RPM,18 - 35.2 dB,Black,360 mm
280697,112289,800 - 3600 RPM,17 - 35.8 dB,,
280698,112290,2400 RPM,19 - 40.33 dB,,240 mm
280699,112291,500 - 2000 RPM,22.5 dB,,
280700,112292,,0 dB,,
280701,112293,700 - 1800 RPM,18 - 35.2 dB,,240 mm
280702,112294,800 - 1700 RPM,26.9 dB,,120 mm
280703,112295,600 - 3000 RPM,17.2 - 30.54 dB,,
280704,112296,600 - 2200 RPM,17.6 - 39.3 dB,,240 mm
280705,112297,1500 - 1700 RPM,13.5 - 26.4 dB,,
280706,112298,1000 - 5000 RPM,20.71 - 51.7 dB,,
280707,112299,1500 - 2800 RPM,14.1 - 27.7 dB,Blue / Silver,
280708,112300,1100 RPM,25 dB,Black,120 mm
280709,112301,1600 RPM,17.8 - 21 dB,,
280710,112302,600 - 2500 RPM,14 - 33 dB,Black / White,
280711,112303,800 - 2400 RPM,12 - 35 dB,,240 mm
280712,112304,1300 - 1800 RPM,26.5 - 34 dB,,
280713,112305,300 - 1350 RPM,,,
280714,112306,1000 - 1600 RPM,7.9 - 17.6 dB,,
280715,112307,700 - 2400 RPM,27.4 dB,,120 mm
280716,112308,600 - 2200 RPM,14 - 23.8 dB,,
280717,112309,200 - 1400 RPM,28.43 dB,Black,
280718,112310,500 - 1200 RPM,10 - 19 dB,,
280719,112311,2000 RPM,21 - 39 dB,,140 mm
280720,112312,800 - 2800 RPM,16 - 27 dB,,
280721,112313,900 - 1800 RPM,30 dB,Black / White,240 mm
280722,112314,3000 RPM,,,
280723,112315,900 - 2000 RPM,14 dB,,
280724,112316,,0 dB,,
280725,112317,2800 RPM,22 dB,,
280726,112318,800 - 1700 RPM,22 dB,,
280727,112319,1500 - 2500 RPM,15 - 25 dB,,
280728,112320,,,,
280729,112321,1000 - 4000 RPM,12 - 40 dB,,
280730,112322,600 - 2000 RPM,9 - 36 dB,,
280731,112323,800 - 1800 RPM,29 dB,Black / Blue,
280732,112324,700 - 1200 RPM,12 - 19.3 dB,,
280733,112325,800 - 1600 RPM,18 - 26.1 dB,White,
280734,112326,900 - 2200 RPM,17.8 - 34.6 dB,,
280735,112327,800 - 1700 RPM,26.9 dB,,360 mm
280736,112328,500 - 1300 RPM,17 - 21 dB,,
280737,112329,1000 - 1500 RPM,24.53 dB,,
280738,112330,900 - 2200 RPM,10 - 23.5 dB,,
280739,112331,1000 - 2200 RPM,,,
280740,112332,800 - 2500 RPM,16 - 27.3 dB,,
280741,112333,500 - 2000 RPM,18 - 41 dB,Silver / Black,
280742,112334,800 - 2800 RPM,,,
280743,112335,300 - 1200 RPM,4 - 24.9 dB,Black / Yellow,
280744,112336,500 - 2000 RPM,,,
280745,112337,600 - 2200 RPM,17.6 - 39.29 dB,,240 mm
280746,112338,,,,240 mm
280747,112339,1500 RPM,24.6 dB,,
280748,112340,1000 - 2000 RPM,16 - 20 dB,,
280749,112341,700 - 1800 RPM,18 - 35.2 dB,Black,120 mm
280750,112342,500 - 2300 RPM,14 - 28 dB,,240 mm
280751,112343,2200 RPM,22 dB,,
280752,112344,,19 dB,,
280753,112345,900 - 2500 RPM,22 - 30 dB,,
280754,112346,800 - 1600 RPM,16.8 - 32.6 dB,Black / White,280 mm
280755,112347,1200 - 5000 RPM,18.02 - 42.5 dB,,
280756,112348,,22.5 dB,,
280757,112349,900 - 1700 RPM,18 - 30 dB,,
280758,112350,2200 RPM,17 dB,,
280759,112351,500 - 2000 RPM,,,
280760,112352,600 - 2200 RPM,17.6 - 39.29 dB,,120 mm
280761,112353,800 - 2000 RPM,20 - 38.2 dB,,240 mm
280762,112354,800 - 1600 RPM,18 - 30.2 dB,,
280763,112355,500 - 1500 RPM,14 - 25 dB,Black,280 mm
280764,112356,800 - 2200 RPM,15 - 38 dB,,
280765,112357,600 - 1800 RPM,17.8 - 34.1 dB,,120 mm
280766,112358,500 - 1600 RPM,25.3 dB,,
280767,112359,,,,120 mm
280768,112360,600 - 1300 RPM,25.4 dB,,
280769,112361,,,,
280770,112362,600 - 2500 RPM,14.5 - 25 dB,,
280771,112363,1500 - 4000 RPM,16.2 - 37.5 dB,,
280772,112364,1200 - 1500 RPM,18 - 22 dB,,
280773,112365,1500 - 2500 RPM,18 - 35 dB,Black / White,240 mm
280774,112366,800 - 3000 RPM,14 - 33 dB,Blue / White,
280775,112367,850 - 1200 RPM,22 - 24 dB,,
280776,112368,1200 - 2000 RPM,10 - 27.36 dB,,120 mm
280777,112369,700 - 1800 RPM,18 - 35.2 dB,White,120 mm
280778,112370,600 - 1600 RPM,13.8 - 30.2 dB,Black,
280779,112371,600 - 2200 RPM,17.6 - 39.29 dB,,120 mm
280780,112372,1000 - 2150 RPM,20 - 39 dB,,
280781,112373,900 - 1500 RPM,17.8 - 30 dB,,
280782,112374,300 - 1300 RPM,15 - 21 dB,,
280783,112375,1200 - 2600 RPM,15 - 27.8 dB,,
280784,112376,900 - 2500 RPM,22 - 30 dB,,
280785,112377,1150 - 2300 RPM,17 - 32 dB,,
280786,112378,700 - 1300 RPM,,Black / White,
280787,112379,800 - 2000 RPM,15 - 33.2 dB,,
280788,112380,1000 - 1600 RPM,19 - 28 dB,,
280789,112381,1000 - 2100 RPM,16 - 27.1 dB,,
280790,112382,1800 RPM,16.2 - 29.2 dB,,
280791,112383,950 - 1350 RPM,17 - 21 dB,,
280792,112384,700 - 1800 RPM,18 - 35.2 dB,Black,120 mm
280793,112385,700 - 1800 RPM,18 - 35.2 dB,Black,240 mm
280794,112386,1200 - 2500 RPM,20 - 43 dB,,
280795,112387,1000 - 2400 RPM,19.3 - 30 dB,,
280796,112388,1250 - 2800 RPM,19.5 - 35 dB,,
280797,112389,600 - 2400 RPM,19 - 40 dB,,120 mm
280798,112390,900 - 2500 RPM,22 - 30 dB,,
280799,112391,,0 dB,,
280800,112392,4800 RPM,36 dB,,
280801,112393,300 - 1700 RPM,5.8 - 36.4 dB,,
280802,112394,500 - 1600 RPM,6.9 - 28.9 dB,,
280803,112395,2600 RPM,22.2 dB,,
280804,112396,750 - 1600 RPM,25.4 - 25.5 dB,,
280805,112397,2200 RPM,22 dB,,
280806,112398,,,,
280807,112399,800 - 3300 RPM,8.2 - 32.5 dB,,
280808,112400,750 - 1500 RPM,12 - 26.5 dB,,
280809,112401,1200 - 1800 RPM,39 dB,,
280810,112402,800 - 2200 RPM,16 - 23 dB,,
280811,112403,2200 RPM,31.6 dB,,
280812,112404,300 - 1300 RPM,15 - 21 dB,,
280813,112405,500 - 1800 RPM,21.2 dB,,240 mm
280814,112406,1500 - 2500 RPM,16 - 33.5 dB,,120 mm
280815,112407,600 - 2500 RPM,21 - 45 dB,,
280816,112408,,,,
280817,112409,300 - 1300 RPM,15 - 21 dB,,
280818,112410,600 - 2000 RPM,9 - 36 dB,,
280819,112411,600 - 1800 RPM,9 - 34.6 dB,,
280820,112412,1800 RPM,16.2 - 29.2 dB,,
280821,112413,1300 - 1800 RPM,26.5 - 34 dB,,
280822,112414,,,,120 mm
280823,112415,800 - 2000 RPM,27 dB,,
280824,112416,1200 - 2100 RPM,21 - 48 dB,,
280825,112417,700 - 1800 RPM,8.3 - 28.8 dB,,140 mm
280826,112418,400 - 1350 RPM,22.5 dB,,
280827,112419,300 - 1300 RPM,17 - 24.9 dB,,
280828,112420,2200 RPM,22 dB,,
280829,112421,300 - 1800 RPM,4 - 23.6 dB,,
280830,112422,1000 - 2500 RPM,17 - 31.92 dB,,
280831,112423,700 - 1400 RPM,26 dB,,
280832,112424,1000 - 2600 RPM,24.8 - 33.4 dB,,
280833,112425,500 - 1400 RPM,8 - 22 dB,,
280834,112426,1350 - 2600 RPM,18 - 27 dB,,
280835,112427,800 - 1800 RPM,16 - 33 dB,,240 mm
280836,112428,500 - 1600 RPM,8 - 30 dB,,
280837,112429,700 - 1200 RPM,13.4 - 19 dB,,
280838,112430,700 RPM,18.5 dB,,
280839,112431,500 - 1500 RPM,18.2 dB,,
280840,112432,1000 - 2600 RPM,21.6 - 36.6 dB,,240 mm
280841,112433,1000 - 2600 RPM,21.6 - 36.6 dB,,240 mm
280842,112434,2500 RPM,18 - 26.4 dB,,120 mm
280843,112435,650 - 2200 RPM,10.5 - 31.67 dB,,
280844,112436,,,,
280845,112437,900 - 2500 RPM,,Black / Red,
280846,112438,800 - 2400 RPM,17 dB,,
280847,112439,600 - 1900 RPM,6.9 - 28.9 dB,,
280848,112440,900 - 2000 RPM,,,120 mm
280849,112441,500 - 4000 RPM,18.07 - 39.03 dB,,
280850,112442,500 - 1300 RPM,13 - 30.7 dB,,
280851,112443,1000 - 2200 RPM,18.89 - 36.7 dB,,120 mm
280852,112444,500 - 4000 RPM,18.07 - 39.03 dB,,
280853,112445,1200 - 2100 RPM,18.2 - 30 dB,,
280854,112446,600 - 1400 RPM,28 dB,,
280855,112447,800 - 2800 RPM,20 - 34 dB,,
280856,112448,600 - 1600 RPM,13.8 - 30.2 dB,,
280857,112449,,26 dB,,
280858,112450,600 - 2400 RPM,16 - 35 dB,,120 mm
280859,112451,900 - 1300 RPM,17 - 21 dB,,
280860,112452,800 - 1500 RPM,18.5 - 30.8 dB,Black,
280861,112453,800 - 1600 RPM,18 - 30.2 dB,,
280862,112454,600 - 1900 RPM,6.9 - 28.9 dB,Yellow / Black,
280863,112455,500 - 2000 RPM,18 - 41 dB,,
280864,112456,300 - 1600 RPM,9.6 - 32.15 dB,,
280865,112457,800 - 1800 RPM,15.1 - 31.6 dB,,
280866,112458,1500 RPM,7.8 - 21.4 dB,,
280867,112459,600 - 2200 RPM,17.6 - 39.29 dB,,240 mm
280868,112460,600 - 1800 RPM,21.9 - 27.6 dB,,
280869,112461,1600 RPM,20.5 dB,,120 mm
280870,112462,1000 - 2200 RPM,30.1 dB,,
280871,112463,2500 RPM,30 dB,,240 mm
280872,112464,1500 - 2500 RPM,18 - 35 dB,,240 mm
280873,112465,1500 - 2500 RPM,18 - 35 dB,,120 mm
280874,112466,700 - 1800 RPM,18 - 35.2 dB,,120 mm
280875,112467,600 - 1800 RPM,17.8 - 34.1 dB,,240 mm
280876,112468,2000 RPM,19.39 - 31.05 dB,,
280877,112469,800 - 2200 RPM,16.5 - 27.4 dB,,120 mm
280878,112470,700 RPM,13.4 - 19 dB,,
280879,112471,1200 - 5000 RPM,18.02 - 42.5 dB,,
280880,112472,2300 RPM,29 dB,,
280881,112473,500 - 1500 RPM,18.2 dB,,
280882,112474,2200 RPM,31.2 dB,,
280883,112475,300 - 1500 RPM,4 - 29.8 dB,,
280884,112476,800 - 2800 RPM,19 - 27 dB,,
280885,112477,1000 - 1950 RPM,17 - 33 dB,,
280886,112478,750 - 1500 RPM,12 - 25.5 dB,,
280887,112479,,,,
280888,112480,800 - 2200 RPM,38.1 dB,,
280889,112481,700 - 1800 RPM,18 - 35.2 dB,,240 mm
280890,112482,500 - 2000 RPM,22.5 dB,,
280891,112483,1000 - 3000 RPM,16 - 25.3 dB,,
280892,112484,900 - 1800 RPM,30 dB,Black / White,120 mm
280893,112485,800 - 2000 RPM,20 - 38.2 dB,,240 mm
280894,112486,750 - 2500 RPM,13.2 - 41.5 dB,,
280895,112487,1200 - 2800 RPM,16 - 24 dB,,
280896,112488,1600 RPM,28 dB,,
280897,112489,400 - 1350 RPM,,,
280898,112490,2000 RPM,9 - 36 dB,,
280899,112491,900 - 1300 RPM,21 - 25 dB,,
280900,112492,800 - 2000 RPM,21 - 44 dB,,
280901,112493,1200 RPM,19.2 - 22.4 dB,,
280902,112494,800 - 2600 RPM,20 - 32 dB,,
280903,112495,2200 RPM,23 dB,,
280904,112496,300 - 2300 RPM,7.2 - 28.26 dB,Silver / Black,
280905,112497,1200 RPM,25 dB,,
280906,112498,800 - 1800 RPM,16 - 33 dB,,360 mm
280907,112499,700 - 1800 RPM,18 - 35.2 dB,,360 mm
280908,112500,1200 - 3000 RPM,15 - 38 dB,,
280909,112501,900 - 1500 RPM,17.8 - 30 dB,,
280910,112502,500 - 1300 RPM,13 - 30.7 dB,,
280911,112503,,0 dB,,
280912,112504,1200 - 2800 RPM,20 - 28 dB,,
280913,112505,1400 - 2800 RPM,20 - 32 dB,,
280914,112506,1000 - 2000 RPM,20 - 39.9 dB,,
280915,112507,200 - 1400 RPM,28.43 dB,Black,
280916,112508,1000 - 4500 RPM,13.14 - 45.9 dB,,
280917,112509,600 - 1000 RPM,23 dB,,
280918,112510,2750 RPM,28.2 dB,,
280919,112511,900 - 2000 RPM,,,120 mm
280920,112512,900 - 2600 RPM,14 - 33 dB,,
280921,112513,1000 - 2200 RPM,16.39 - 33.5 dB,,
280922,112514,900 - 1300 RPM,17 - 21 dB,,
280923,112515,1500 - 2800 RPM,14.1 - 27.7 dB,Blue / White,
280924,112516,900 - 2200 RPM,10 - 24.1 dB,,
280925,112517,4500 RPM,39 dB,,
280926,112518,700 - 1400 RPM,17.8 - 31.1 dB,,
280927,112519,900 - 2000 RPM,,,120 mm
280928,112520,1250 - 2800 RPM,19.5 - 35 dB,,
280929,112521,1300 - 2000 RPM,16 - 24 dB,,
280930,112522,1250 - 1950 RPM,17 - 25 dB,,
280931,112523,300 - 1600 RPM,26.5 dB,,
280932,112524,400 - 1350 RPM,,,
280933,112525,800 - 2200 RPM,25 dB,Black / Silver,
280934,112526,1000 - 2600 RPM,21.6 - 36.6 dB,,240 mm
280935,112527,600 - 1800 RPM,10 - 26.8 dB,,
280936,112528,1000 - 2000 RPM,,,
280937,112529,750 - 1500 RPM,12 - 25.5 dB,,
280938,112530,500 - 2000 RPM,15 - 24 dB,,
280939,112531,800 - 2000 RPM,15 - 33.2 dB,,
280940,112532,600 - 1800 RPM,21.9 - 27.6 dB,,
280941,112533,900 - 2800 RPM,12 - 31 dB,,
280942,112534,800 - 2150 RPM,17.2 - 39 dB,,
280943,112535,500 - 2000 RPM,,,
280944,112536,1200 - 3000 RPM,16 - 33 dB,,240 mm
280945,112537,300 - 2500 RPM,12 - 16 dB,,
280946,112538,1200 - 1800 RPM,15 - 23 dB,,
280947,112539,1300 RPM,,,
280948,112540,,0 dB,,
280949,112541,800 - 1800 RPM,16.2 - 29.2 dB,,
280950,112542,2400 RPM,30 dB,,
280951,112543,800 - 1500 RPM,16 - 24 dB,,
280952,112544,600 - 2200 RPM,,,
280953,112545,1000 - 2000 RPM,,,
280954,112546,600 - 2500 RPM,14 - 33 dB,,
280955,112547,600 - 1000 RPM,23 dB,,
280956,112548,650 - 1400 RPM,28 dB,,
280957,112549,1000 - 5000 RPM,20.5 - 49.8 dB,,
280958,112550,,,,
280959,112551,210 - 2100 RPM,28.8 dB,,
280960,112552,,,,
280961,112553,800 - 2200 RPM,15 - 35 dB,,
280962,112554,1300 - 2000 RPM,16 - 24 dB,,
280963,112555,1300 RPM,13.4 - 19 dB,,
280964,112556,1800 RPM,21 dB,,
280965,112557,300 - 2500 RPM,7.2 - 31.07 dB,,
280966,112558,,,,
280967,112559,2400 RPM,26.2 dB,,
280968,112560,,0 dB,,
280969,112561,4200 RPM,44 dB,,
280970,112562,5500 RPM,,,
280971,112563,600 - 2500 RPM,21 - 45 dB,,
280972,112564,400 - 1800 RPM,8 - 24.3 dB,,
280973,112565,400 - 1350 RPM,,,
280974,112566,700 - 1200 RPM,13.4 - 19 dB,,
280975,112567,600 - 1600 RPM,,,
280976,112568,1200 - 2500 RPM,28 dB,,
280977,112569,2500 RPM,25 dB,,
280978,112570,1500 RPM,9.6 - 24.4 dB,,
280979,112571,800 - 1200 RPM,18 dB,,
280980,112572,1000 - 2000 RPM,,,
280981,112573,900 - 2500 RPM,22 - 30 dB,,
280982,112574,600 - 2500 RPM,15 - 30 dB,,120 mm
280983,112575,650 - 2200 RPM,10.5 - 31.67 dB,,
280984,112576,900 - 2000 RPM,17 - 36 dB,,120 mm
280985,112577,800 - 3300 RPM,8.2 - 32.5 dB,,
280986,112578,800 - 1600 RPM,16 - 20.2 dB,,
280987,112579,500 - 1500 RPM,24.6 dB,Black / Silver,
280988,112580,800 - 3300 RPM,8.2 - 32.5 dB,,
280989,112581,1500 - 2500 RPM,18 - 35 dB,,240 mm
280990,112582,700 RPM,13.4 - 19 dB,,
280991,112583,600 - 2400 RPM,19 - 40 dB,,
280992,112584,1400 - 2200 RPM,16 - 38 dB,,
280993,112585,2500 RPM,30 dB,,120 mm
280994,112586,800 - 1600 RPM,,,
280995,112587,,,,
280996,112588,800 - 2000 RPM,9.9 - 21.9 dB,,
280997,112589,600 - 1900 RPM,11.5 - 31.5 dB,,
280998,112590,600 - 1900 RPM,8 - 27 dB,,
280999,112591,2600 RPM,33 dB,,
281000,112592,1000 - 1600 RPM,19 - 28 dB,,
281001,112593,900 - 1300 RPM,17 - 21 dB,,
281002,112594,1350 - 2400 RPM,17 - 24 dB,,
281003,112595,1200 - 2500 RPM,20 - 43 dB,,120 mm
281004,112596,1000 - 2000 RPM,17 - 21 dB,,
281005,112597,,26.5 dB,,
281006,112598,800 - 2600 RPM,20 - 32 dB,,
281007,112599,1000 - 2200 RPM,30.1 dB,,
281008,112600,1000 - 2200 RPM,28 dB,,
281009,112601,1200 - 2500 RPM,28 dB,,
281010,112602,900 - 2300 RPM,30 dB,,
281011,112603,1000 - 2800 RPM,20 - 28 dB,,
281012,112604,1000 - 1600 RPM,17 - 26 dB,,
281013,112605,300 - 1500 RPM,4 - 29.8 dB,,
281014,112606,,,,
281015,112607,,,,
281016,112608,650 - 1400 RPM,28 dB,,
281017,112609,2200 RPM,18 dB,,
281018,112610,750 - 1800 RPM,12 - 28 dB,,
281019,112611,800 - 1500 RPM,16.5 - 30.8 dB,,
281020,112612,1500 - 7000 RPM,16 - 47.5 dB,,
281021,112613,800 - 2800 RPM,20 - 34 dB,,
281022,112614,1000 - 7000 RPM,21.5 - 59.14 dB,,
281023,112615,500 - 1800 RPM,18 - 38.4 dB,,
281024,112616,800 - 1200 RPM,18 dB,,
281025,112617,1000 - 2200 RPM,16.39 - 33.5 dB,,
281026,112618,1100 - 6000 RPM,19.1 - 53.8 dB,,
281027,112619,470 - 1900 RPM,7.05 - 37 dB,,
281028,112620,1250 - 2800 RPM,19.5 - 35 dB,,
281029,112621,1800 RPM,23 dB,,
281030,112622,,0 dB,,
281031,112623,800 - 1200 RPM,18 dB,,
281032,112624,1500 - 2500 RPM,16 - 33.5 dB,,240 mm
281033,112625,1000 - 2300 RPM,23.2 - 46.6 dB,,240 mm
281034,112626,,0 dB,,
281035,112627,1000 - 3000 RPM,28 dB,,
281036,112628,700 - 1200 RPM,13.4 - 19 dB,,
281037,112629,800 - 1800 RPM,20 dB,,
281038,112630,2000 RPM,25 dB,,
281039,112631,1000 - 2800 RPM,22 dB,,
281040,112632,2200 RPM,30.1 dB,,
281041,112633,2200 RPM,30.1 dB,,
281042,112634,,9.32 - 33.67 dB,,
281043,112635,1400 - 2000 RPM,16 - 28.9 dB,,
281044,112636,1000 - 2600 RPM,21.6 - 36.6 dB,,240 mm
281045,112637,1800 RPM,22.3 dB,,
281046,112638,1500 - 2500 RPM,18.5 - 28 dB,,
281047,112639,900 - 1300 RPM,17 - 21 dB,,
281048,112640,700 - 1500 RPM,17 - 28.5 dB,,
281049,112641,500 - 2000 RPM,9.32 - 33.67 dB,,
281050,112642,300 - 2500 RPM,7.2 - 31.1 dB,,
281051,112643,1400 - 2800 RPM,20 - 32 dB,,
281052,112644,700 - 1200 RPM,18.2 - 26.7 dB,,
281053,112645,900 - 1500 RPM,21.4 - 32.1 dB,,
281054,112646,1500 RPM,19 dB,,
281055,112647,700 - 1500 RPM,17 - 28.5 dB,,
281056,112648,1500 - 2500 RPM,18 - 35 dB,,120 mm
281057,112649,800 - 1800 RPM,15.1 - 31.6 dB,,
281058,112650,800 - 2800 RPM,16 - 28 dB,,
281059,112651,800 - 2800 RPM,16 - 27 dB,,
281060,112652,,,,
281061,112653,2500 RPM,30 dB,,120 mm
281062,112654,900 - 1400 RPM,19 - 27 dB,,
281063,112655,800 - 2500 RPM,15 - 35 dB,,
281064,112656,1500 - 2800 RPM,14.1 - 27.7 dB,Blue / White,
281065,112657,500 - 1700 RPM,9.6 - 36.4 dB,,
281066,112658,3500 RPM,30.6 dB,,
281067,112659,800 - 1500 RPM,16 - 24 dB,,
281068,112660,740 - 3700 RPM,21 - 40 dB,,
281069,112661,1000 - 2000 RPM,22.7 - 37.1 dB,,
281070,112662,800 - 2200 RPM,17.3 - 31.2 dB,,120 mm
281071,112663,800 - 1800 RPM,16 - 21 dB,,
281072,112664,650 - 1800 RPM,6 - 27 dB,Black,120 mm
281073,112665,650 - 1800 RPM,6 - 27 dB,Black,240 mm
281074,112666,,,,
281075,112667,2200 RPM,23.8 dB,,
281076,112668,500 - 1300 RPM,13 - 30.7 dB,,
281077,112669,1000 - 2000 RPM,16 - 20 dB,,
281078,112670,1200 - 2100 RPM,21 - 48 dB,,
281079,112671,500 - 1500 RPM,21 dB,,
281080,112672,1400 - 2600 RPM,20 - 30 dB,,
281081,112673,1000 - 2000 RPM,19.5 - 38 dB,,
281082,112674,2500 RPM,22.41 dB,,
281083,112675,,,,
281084,112676,800 - 2700 RPM,14 - 23 dB,,
281085,112677,2200 RPM,23.3 dB,,
281086,112678,470 - 1900 RPM,7.05 - 27.3 dB,,
281087,112679,800 - 1800 RPM,16.2 - 32.6 dB,,
281088,112680,500 - 1600 RPM,8 - 30 dB,,
281089,112681,470 - 1900 RPM,9.8 - 27.3 dB,,
281090,112682,300 - 2500 RPM,7.2 - 31.07 dB,,
281091,112683,2400 RPM,26.2 dB,,
281092,112684,2400 RPM,31 dB,,
281093,112685,800 - 2800 RPM,20 - 34 dB,,
281094,112686,1350 - 2400 RPM,17 - 24 dB,,
281095,112687,1200 - 2800 RPM,23 - 35 dB,,
281096,112688,800 - 1500 RPM,20 - 32 dB,,
281097,112689,1500 - 2500 RPM,22 dB,,
281098,112690,1200 - 2800 RPM,22 - 30 dB,,
281099,112691,1200 - 2500 RPM,28 dB,,
281100,112692,900 - 2500 RPM,19.5 dB,,
281101,112693,900 - 2600 RPM,30 dB,,
281102,112694,900 - 2600 RPM,12 - 31 dB,,
281103,112695,1800 RPM,23 dB,,
281104,112696,1200 - 2800 RPM,22 dB,,
281105,112697,1800 RPM,20 dB,,
281106,112698,1000 - 3800 RPM,16 - 43.4 dB,,
281107,112699,300 - 1500 RPM,4 - 29.5 dB,,
281108,112700,500 - 1800 RPM,18 - 34.79 dB,,
281109,112701,1700 - 2400 RPM,13.5 - 24 dB,,
281110,112702,900 - 2000 RPM,14 - 22.1 dB,,
281111,112703,500 - 1500 RPM,17.8 - 27.6 dB,,
281112,112704,500 - 1500 RPM,24.6 dB,,
281113,112705,2600 RPM,28 dB,,
281114,112706,500 - 1300 RPM,9.6 - 24.7 dB,,
281115,112707,1800 - 2200 RPM,28.8 - 38 dB,,
281116,112708,1000 - 2500 RPM,17 - 31.92 dB,,
281117,112709,,0 dB,,
281118,112710,650 - 1400 RPM,28 dB,,
281119,112711,800 - 1300 RPM,16 dB,,
281120,112712,900 - 2500 RPM,15 - 24 dB,,
281121,112713,1000 RPM,21 dB,,
281122,112714,750 - 2500 RPM,18 - 27 dB,,
281123,112715,2500 RPM,,,
281124,112716,800 - 2200 RPM,16.5 - 27.4 dB,,240 mm
281125,112717,900 - 2400 RPM,10 - 25.8 dB,,
281126,112718,900 - 2200 RPM,17.8 - 34.6 dB,,
281127,112719,600 - 1600 RPM,,,
281128,112720,600 - 1600 RPM,,,
281129,112721,2200 RPM,30.1 dB,,
281130,112722,2200 RPM,25 dB,,
281131,112723,1200 - 1800 RPM,23 - 30 dB,,
281132,112724,800 - 1500 RPM,15.3 - 29 dB,,
281133,112725,,,,
281134,112726,1000 - 2200 RPM,20 - 32 dB,,
281135,112727,1000 - 2500 RPM,15.8 - 43.3 dB,,
281136,112728,300 - 2500 RPM,14 - 33 dB,,
281137,112729,300 - 2500 RPM,14 - 33 dB,,
281138,112730,600 - 1300 RPM,24.5 dB,,
281139,112731,1200 - 2500 RPM,15 - 27.2 dB,,
281140,112732,1100 - 2300 RPM,15 - 24.5 dB,,
281141,112733,1300 RPM,24.1 dB,,
281142,112734,450 - 4500 RPM,27.8 dB,,
281143,112735,,16 dB,,
281144,112736,600 - 2500 RPM,14 - 33 dB,,
281145,112737,300 - 2500 RPM,7.2 - 31.1 dB,,
281146,112738,300 - 1500 RPM,4 - 29.8 dB,,
281147,112739,1600 - 1800 RPM,16.2 - 29.2 dB,,
281148,112740,800 - 1800 RPM,16.2 - 29.2 dB,,
281149,112741,800 - 1600 RPM,16 - 20.2 dB,,
281150,112742,1800 RPM,16.2 - 29.2 dB,,
281151,112743,800 - 1800 RPM,16.2 - 29.2 dB,,
281152,112744,1800 RPM,23 dB,,
281153,112745,1600 RPM,20.5 dB,,240 mm
281154,112746,700 - 1200 RPM,13.4 - 19 dB,,
281155,112747,1200 - 2600 RPM,15 - 27.2 dB,,
281156,112748,900 - 2200 RPM,17.8 - 28.1 dB,,
281157,112749,500 - 1500 RPM,17.8 - 27.6 dB,,
281158,112750,800 - 1500 RPM,16 - 24 dB,,
281159,112751,1000 - 2000 RPM,8 - 24 dB,,
281160,112752,2200 RPM,25 dB,,
281161,112753,800 - 2000 RPM,8 - 28 dB,,
281162,112754,800 - 2000 RPM,,,
281163,112755,,,,
281164,112756,800 - 1800 RPM,16 - 21 dB,,
281165,112757,800 - 1800 RPM,10 - 21 dB,,
281166,112758,900 - 2800 RPM,12 - 31 dB,,
281167,112759,500 - 1300 RPM,9.6 - 24.7 dB,,
281168,112760,2200 RPM,23.4 dB,,
281169,112761,,,,
281170,112762,800 - 2800 RPM,20 - 34 dB,,
281171,112763,2400 RPM,19 - 40.33 dB,,240 mm
281172,112764,500 - 1500 RPM,17.6 - 27.6 dB,,
281173,112765,600 - 3700 RPM,15 - 46.5 dB,,
281174,112766,1200 - 2800 RPM,20 - 28 dB,,
281175,112767,400 - 2800 RPM,17.8 - 40.7 dB,,
281176,112768,800 - 2200 RPM,18.5 - 32.8 dB,,120 mm
281177,112769,2200 RPM,20 dB,,
281178,112770,800 - 2000 RPM,10 - 24 dB,,
281179,112771,2200 RPM,,,
281180,112772,,,,
281181,112773,800 - 1800 RPM,16 - 21 dB,,
281182,112774,1000 - 6000 RPM,21 - 48 dB,,
281183,112775,2500 RPM,34 dB,,
281184,112776,1700 RPM,17 dB,,
281185,112777,1150 - 2100 RPM,17.5 - 30 dB,,
281186,112778,,0 dB,,
281187,112779,1500 - 2400 RPM,20 - 30 dB,,
281188,112780,800 - 1700 RPM,16 dB,,
281189,112781,1150 - 2300 RPM,17 - 32 dB,,
281190,112782,500 - 3400 RPM,17 - 34.2 dB,,
281191,112783,,0 dB,,
281192,112784,,,,
281193,112785,1200 - 2200 RPM,27 dB,,
281194,112786,2500 RPM,21 dB,,
281195,112787,2000 - 6000 RPM,20.23 - 44.88 dB,,
281196,112788,800 - 2700 RPM,14 - 23 dB,,
281197,112789,800 - 2500 RPM,12 - 28.8 dB,,
281198,112790,800 - 1800 RPM,16.2 - 29.2 dB,,
281199,112791,650 - 2200 RPM,,,
281200,112792,800 - 1800 RPM,16.2 - 29.2 dB,,
281201,112793,470 - 1900 RPM,9.8 - 27.3 dB,,
281202,112794,1600 RPM,21 dB,,
281203,112795,2000 - 3600 RPM,23 - 45.9 dB,,
281204,112796,750 - 1600 RPM,12 - 26.7 dB,Black / Silver,
281205,112797,750 - 1600 RPM,12 - 26.7 dB,Black / Silver,
281206,112798,750 - 2000 RPM,40.4 dB,Black / Silver,
281207,112799,800 - 1500 RPM,27.2 dB,,
281208,112800,900 - 1800 RPM,30 dB,,
281209,112801,900 - 2300 RPM,30 dB,,
281210,112802,1000 - 2200 RPM,20 dB,,
281211,112803,1000 - 2000 RPM,,,
